city,pop,total_fail,fail_per_pop
New York,8335897,131,1.57152E-05
Hamburg,1788000,122,6.82327E-05
London,8799800,104,1.18185E-05
Shanghai,28517000,102,3.57681E-06
San Francisco,834000,102,0.000122302
Dubai,2964000,101,3.40756E-05
Hong Kong,7346100,121,1.64713E-05
Seoul,9976000,123,1.23296E-05
Tokyo,37274000,91,2.44138E-06